{
  "100000": {
    "filter_aggregate": {
      "python": 31.10404170001857,
      "polars": 2.8137957997387275
    },
    "group_by": {
      "python": 89.59514999878593,
      "polars": 11.480899999151006
    }
  },
  "1000000": {
    "filter_aggregate": {
      "python": 453.88853330223355,
      "polars": 9.828150001703762
    },
    "group_by": {
      "python": 672.0762959012063,
      "polars": 15.801454198663123
    }
  }
}